2,3,4,5,6,7,,3.5,4.5,,2.5,5.5
Rockin' With Judy Jetson,Lucario and the Mystery of Mew,Pokemon Ranger and the Temple of the Sea,The Bourne Identity,The Bourne Ultimatum,The Thin Red Line,,Yu Gi Oh the Movie,Whisper of the Heart,,RECESS - All Growed Down,The Princess Diaries
Tom and Jerry - The Fast and the Furry,Ocean Waves,Who Framed Roger Rabbit,Deep Impact,Blood Diamond,,,Pokemon The First Movie,The Terminator Extended,,RECESS - Taking the Fifth Grade,
Bardock,Hikaru no Go,Pokemon The Rise of Darkrai,The Arrival,Minority Report,,,"Ed, Edd n Eddy's Big Picture Show",X-men 2000,,RECESS Christmas - Miracle on Third Street,
Ego Trip,The Cat Returns,The Road to El Dorado,Lost In Space,AI Artificial Intelligence,,,Inuyaha Movie 4,Nausciaa of the Valley of the Wind,,Batman and Mr. Freeze SubZero,
Coolers Revenge,The Red Turtle,The Prince of Egypt,Speed,Traffic,,,Naruto Movie 1,Fight Club,,Buzz Lightyear of Star Command - The Adventure Begins,
Fusion Reborn,James and the Giant Peach,The Iron Giant,Deja Vu,Armageddon,,,Steins Gate - The Movie,The Matrix,,,
Lord Slug,The Land Before Time I,The Bourne Supremacy,Erin Brockovich,Alien 3,,,The Place Promised in Our Early Days,American Pie 2,,The Worlds Strongest,
Return Of Cooler,The Land Before Time II,Pokemon Destiny Deoxys,Blow,Aliens,,,Grave of the Fireflies,The Incredibles,,Batman and Mr. Freeze - Sub-Zero,
The Dead Zone,The Land Before Time III,Signs,Something About Mary,Prometheus,,,From Up on Poppy Hill,,,,
The History of Trunks,The Land Before Time IV,Ghosts of Mars,Constantine,Terminator 2,,,RECESS - School's Out,,,,
Wrath of The Dragon,The Land Before Time IX,Total Recall,A Beautiful Mind,Love Actually,,,The Road to El Dorado,,,,
Bardock - The Father of Goku,The Land Before Time V,Mindwarp,Barton Fink,,,,The Prince of Egypt,,,,
The Tree of Might,The Land Before Time VI,Ravenous,My Cousin Vinny,,,,Osmosis Jones,,,,
,The Land Before Time VII,Red Planet,Alien Resurrection,,,,Scooby-Doo and the Reluctant Werewolf,,,,
,The Land Before Time VIII,Resident Evil,Stargate,,,,Scooby-Doo and the Witches Ghost,,,,
,The Land Before Time X,Star Trek First Contact,Alien,,,,Spy Kids,,,,
,The Land Before Time XI,The Fifth Element,Alien Covenant,,,,The Brave Little Toaster,,,,
,The Land Before Time XII,Office Space,Entrapment,,,,Totally Spies!,,,,
,The Land Before Time XIII,Takedown,Howl's Moving Castle,,,,Atlantis,,,,
,TINY Toon ADVENTURES - How I Spent My Vacation,Broken Arrow,Laputa Castle in the Sky,,,,Homeward Bound The Incredible Journey,,,,
,Wakko's Wish,Conspiracy,Only Yesterday,,,,Honey I Blew Up the Kid,,,,
,Superman movie,American Psycho,Pom Poko,,,,Honey I Shrunk the Kid,,,,
,Pokemon The Movie 2000,Never Been Kissed,The Wind Rises,,,,Jett Jackson The Movie,,,,
,Pokemon Jirachi Wish Maker,One Fine Day,Akira,,,,Johnny Tsunami,,,,
,Pokemon Heros,Simply Irresistible,Blade II,,,,Kazaam,,,,
,Pokemon 4Ever,Bloody Sunday,Blade Trinity,,,,Lilo & Stitch,,,,
,Pokemon 3 The Movie,Drive Me Crazy,Dumb and Dumber,,,,Mulan,,,,
,Cats Don't Dance,Never Been Kissed,Blade,,,,Phantom of the Megaplex,,,,
,Balto II Wolf Quest,One Fine Day,Batman (1989),,,,Ready to Run,,,,
,Balto,Simply Irresistible,Batman Forever,,,,Smart House,,,,
,An American Tail The Mystery of the Night Monster,Equilibrium,Castle in the Sky (1986),,,,THE Even Stevens MOVIE,,,,
,An American Tail,The Vanishing,The Parent Trap,,,,The Lizzie McGuire Movie,,,,
,An American Tail Fievel Goes West,Antitrust,Training Day,,,,Treasure Planet,,,,
,An American Tail The Treasure of Manhattan Island,Alien vs Predator,Akira,,,,Aladdin (1992),,,,
,Antz,Alien Vs Predator Requiem,Princess Mononoke,,,,Beethovens Second,,,,
,All Dogs Go to Heaven,Predator,A Knight's Tale,,,,George of the Jungle 2,,,,
,Scooby-Doo and the Alien Invaders,Predator 2,Being John Malkovich,,,,Aladdin (1992),,,,
,Scooby-Doo and the Cyber Chase,Dark City,Ocean's Eleven,,,,Monsters Inc,,,,
,Scooby-Doo and the Monster of Mexico,Lost In Translation,Mrs Doubtfire,,,,Brother Bear,,,,
,Scooby-Doo on Zombie Island,The Sixth Sense,The Matrix Revolutions,,,,Friday,,,,
,Stuart Little,Gattaca,The Matrix Reloaded,,,,The Naked Gun,,,,
,The Brave Little Toaster Goes to Mars,Johnny Mnemonic,Chasing Amy,,,,The Naked Gun 2,,,,
,The Brave Little Toaster to the Rescue,The Thirteenth Floor,Miracle on 34th Street,,,,The Naked Gun 3,,,,
,So The Drama,Solaris,The Rookie,,,,,,,,
,Zenon Z3,Alien Hunter,The Big Lwbowski,,,,,,,,
,CatDog And The Great Parent Mystery,28 Days,,,,,,,,,
,Chicken Run,Tom and Jerry Shiver Me Whiskers,,,,,,,,,
,"Hey Arnold, THE MOVIE",My Neighbors the Yamadas,,,,,,,,,
,Jimmy Neutron - Boy Genius,Appleseed,,,,,,,,,
,The RUGRATS Go Wild,Lupin III The Castle of Cagliostro,,,,,,,,,
,The Rugrats in Paris The Movie,My Neighbor Totoro,,,,,,,,,
,The Rugrats Movie,Porco Rosso,,,,,,,,,
,The Wild Thornberrys MOVIE,Kiki's Delivery Service,,,,,,,,,
,Batman - Mask of The Phantasm,When Marnie Was There,,,,,,,,,
,Batman - Mystery of the Batwoman,Final Destination,,,,,,,,,
,A Goofy Movie,Starship Trooopers,,,,,,,,,
,An Extremely Goofy Movie,Charlotte's Web,,,,,,,,,
,Toy Story,Small Soldiers,,,,,,,,,
,Half Baked,Brink,,,,,,,,,
,,Cool Runnings,,,,,,,,,
,,Double Teamed,,,,,,,,,
,,Hercules!,,,,,,,,,
,,The Mighty Ducks - D1,,,,,,,,,
,,The Mighty Ducks - D2,,,,,,,,,
,,The Mighty Ducks - D3,,,,,,,,,
,,Zenon Girl Of The 21st Century,,,,,,,,,
,,Arrietty,,,,,,,,,
,,Ponyo,,,,,,,,,
,,George of the Jungle,,,,,,,,,
,,Spy Kids 2,,,,,,,,,
,,Treasure Planet,,,,,,,,,
,,Tarzan (1999),,,,,,,,,
,,Finding Nemo,,,,,,,,,
,,Toy Story 2,,,,,,,,,
,,A Bugs Life,,,,,,,,,
,,Mousehunt,,,,,,,,,
,,Elf,,,,,,,,,
,,Jurassic Park III,,,,,,,,,
,,Jumanji,,,,,,,,,
,,Sixteen Candles,,,,,,,,,
,,Big Fat Liar,,,,,,,,,
,,Clueless,,,,,,,,,
,,Dirty Dancing,,,,,,,,,
,,Freaky Friday,,,,,,,,,
,,Tommy Boy,,,,,,,,,
,,Big Daddy,,,,,,,,,
,,Beethoven,,,,,,,,,
,,Go (1999),,,,,,,,,
,,Groundhog Day,,,,,,,,,
,,Terminator 3,,,,,,,,,
,,Next Friday,,,,,,,,,
,,Bad Santa,,,,,,,,,
,,Legally Blonde,,,,,,,,,
,,Old School,,,,,,,,,
,,Waynes World,,,,,,,,,
,,Waynes World 2,,,,,,,,,
,,American Pie,,,,,,,,,
,,The Wedding Singer,,,,,,,,,
,,Lost In Translation,,,,,,,,,
