Cartoon Network,Toonami,Toonami Movie,SVES,Miguzi,Adult Swim,Cartoon Theater,,PowerHour,,,Nick Jr,NICK,Nick at Nite,Nick Movie,Fox,Fox Prime,Fox Movie,,Disney,Toon Disney,Playhouse Disney,Disney Movie,Toon Disney Movie,Jetix,,Kids WB,WB Day,WB Prime,ABC Movie,ABC Jetix,ABC,ABC Prime,Comedy Central,Comedy Central Movie,Sci-Fi,Sci-Fi Movie,Sci-Fi Anime,Anime Movie,ANIME,OVA,Kyle XY,House,Bernie,Whos Line,Scrubs,Xena,Infomercial,Video,Air,IGNORE THIS
Dexter's Laboratory,Sailor Moon,Bardock - The Father of Goku,hackSign,Yu-Gi-Oh! GX,Aqua Teen Hunger Force,Pokemon The Rise of Darkrai,,Tiny Toon Adventures,,,Blues Clues,Rockos Modern Life,Cosby,CatDog And The Great Parent Mystery,Winx Club,House,28 Days,,Sabrina The Animated,Gargoyles,bear in big blue house,Atlantis,Atlantis,Vforce,,Batman Beyond,The Wayne Bros,Smallville,Office Space,Beyblade,Step By Step,,Scrubs,Waynes World,Andromeda,AI Artificial Intelligence,X,Spirited Away,X,,Kyle XY,House,Bernie Mac Show,Whos Line,Scrubs,Xena,Info,Music,elephant,
Johnny Bravo,Saga Saiyan,Batman - Mask of The Phantasm,Cyborg 009,Code Lyoko,"Harvey Birdman, Attorney At Law",The Road to El Dorado,,The Sylvester and Tweety Mysteries,,,Franklin,Rocket Power,Fresh Prince,Chicken Run,TMNT,Dark Angel,A Beautiful Mind,,Emperors New School,Emperors New School,Out of the Box,Brink,Buzz Lightyear of Star Command - The Adventure Begins,X-Men,,Static Shock,Grounded for Life,Charmed,The Wedding Singer,Vforce,Full House,Gilmore Girls,Chappelle Show,Waynes World 2,Farscape,Alien,Tenjou Tenge,Princess Mononoke,Those Who Hunt Elves,Golden Boy,,,,,,,,,,Move Back to WB after
Cow and Chicken,Ronin Warriors,Batman - Mystery of the Batwoman,Dragon Ball,Codename Kids Next Door,Home Movies,The Prince of Egypt,,Taz-Mania,,,Gullah Gullah Island,Oh Yeah Cartoons,Full House,"Hey Arnold, THE MOVIE",Taz-Mania,X-Files,American Psycho,,Buzz Lightyear Space Command,Buzz Lightyear Space Command,PB&J Otter,Buzz Lightyear of Star Command - The Adventure Begins,Dougs 1st Movie,X-men Evolution,,Ozzy & Drix,Martin,Dawsons Creek,The Rookie,X-Men,My Wife and Kids,7th Heaven,Drawn Together,The Wedding Singer,Firefly,Alien 3,Steins Gate,Pokemon The Movie 2000,Tenjou Tenge,Honoo no Mirage - Minagiwa no Hangyakusha OVA,,,,,,,,,,Pokemon Adventures in the Orange Islands
The Powerpuff Girls,Mobile Suit Gundam Wing,Batman and Mr. Freeze - Sub-Zero,Saga Saiyan,Pokemon Indigo League,The Brak Show,The Iron Giant,,Batman,,,Little Bear,Nick Guts,The Nanny,Jimmy Neutron - Boy Genius,Gargoyles,Martin,Antitrust,,Timon and Pumbaa,Timon and Pumbaa,Rolie Polie Olie,Cool Runnings,Hercules!,The Legend of Tarzan,,Xiaolin Showdown,My Wife and Kids,Felicity,Tommy Boy,Chaotic,Sabrina the Teenage Witch,Smallville,Futurama,The Naked Gun 2,First Wave,Alien Covenant,Planetes,Pokemon The First Movie,Steins Gate,Interlude,,,,,,,,,,Pokemon The Johto Journeys
"Ed, Edd n Eddy",Dragon Ball,Coolers Revenge,G Gundam,Static Shock,China IL,Spirited Away,,"What's New, Scooby-Doo",,,Maggie and the Ferocious Beast,Nick Arcarde,The Brady Bunch,The RUGRATS Go Wild,X-Men,Bernie Mac Show,Armageddon,,The Famous Jett Jackson,The Proud Family,Stanley,Double Teamed,Lilo & Stitch,Pinky and the Brain,,Pokemon Indigo League,Sabrina the Teenage Witch,Gilmore Girls,Spy Kids,Sonic X,Sister Sister,,MADtv,The Naked Gun 3,Stargate Atlantis,Alien Hunter,Gantz,Pokemon Jirachi Wish Maker,Slam Dunk,SteinsGate - OVA,,,,,,,,,,Pokemon Johto League Champions
Courage the Cowardly Dog,Zoids New Century Zero,Fusion Reborn,Jackie Chan Adventures,Teen Titans,Metalocalypse,Princess Mononoke,,Evil Con Carne,,,Max and Ruby,Ned's Declassified,Gilligans Island,The Rugrats in Paris The Movie,Street Sharks,King of the Hill,Barton Fink,,So Weird,Lilo And Stitch The Series,Winnie the Pooh,Dougs 1st Movie,Mulan,Medabots,,Yu-Gi-Oh!,Sister Sister,7th Heaven,Stuart Little,Jackie Chan Adventures,Bernie Mac Show,,,The Big Lebowski,Stargate SG-1,Alien Resurrection,Monster,Pokemon Ranger and the Temple of the Sea,Samurai 7,X OVA,,,,,,,,,,Pokemon Advanced
Samurai Jack,Zoids Chaotic Century,Lord Slug,Justice League Unlimited,Xiaolin Showdown,Moral Orel,Pokemon The Movie 2000,,A Pup Named Scooby-Doo,,,Muppet Babies,My Life as a Teenage Robot,George Lopez,The Rugrats Movie,Sonic X,Futurama,Blade,,Smart Guy,Kim Possible,,Hercules!,So The Drama,Yu-Gi-Oh! GX,,Jackie Chan Adventures,Bernie Mac Show,,Sixteen Candles,Medabots,Boy Meets World,,,The Naked Gun,The 4400,Alien vs Predator,Madlax,Pokemon Heros,Planetes,,,,,,,,,,,Pokemon Master Quest
Codename Kids Next Door,G Gundam,My Neighbor Totoro,Pokemon Indigo League,,Sealab 2021,Pokemon The First Movie,,Captain Planet,,,Bob the Builder,Legends of the Hidden Temple,,The Wild Thornberrys MOVIE,Monster Rancher,Firefly,Blade II,,Lizzie McGuire,House of Mouse,,Homeward Bound The Incredible Journey,Treasure Planet,Batman,,X-men Evolution,Smart Guy,,Spy Kids 2,Digimon Frontier,Grounded for Life,,,Scary Movie 2,Dark Angel,Alien Vs Predator Requiem,Gankutsuou,Pokemon Destiny Deoxys,Otogi Zoshi,,,,,,,,,,,
The Grim Adventures of Billy & Mandy,Transformers Armada,Return Of Cooler,Samurai Jack,Pokemon Chronicles,Superjail!,Pokemon Jirachi Wish Maker,,Dynomutt,,,Wonder Pets,KaBlam!,,TINY Toon ADVENTURES - How I Spent My Vacation,Goosebumps,,Blade Trinity,,Lilo And Stitch The Series,Brandy and Mr Whiskers,,Honey I Blew Up the Kid,The Brave Little Toaster,Static Shock,,Megaman NT Warrior,The Jamie Foxx Show,,Mousehunt,Digimon Adventure,Whos Line,,,Next Friday,X-Files,Aliens,Kurau Phantom Memory,Pokemon 4Ever,Monster,,,,,,,,,,,
Megas XLR,hackSign,The Dead Zone,Teen Titans,Winx Club,The Venture Bros.,Pokemon Ranger and the Temple of the Sea,,Frankenstein Jr - The Impossibles,,,,Jimmy Neutron,,Spy Kids 2,Digimon Frontier,,Blood Diamond,,Kim Possible,,,Honey I Shrunk the Kid,The Brave Little Toaster Goes to Mars,Gargoyles,,The Sylvester and Tweety Mysteries,,,Mrs Doubtfire,Digimon Tamers,The Jamie Foxx Show,,,Old School,Dominion,Dark City,New Getter Robo,Pokemon 3 The Movie,Mai Hime,,,,,,,,,,,
Foster's Home for Imaginary Friends,Yu Yu Hakusho,The History of Trunks,Transformers Armada,TMNT,Mission Hill,Pokemon Heros,,Hong Kong Phooey,,,,Hey Arnold,,Spy Kids,Chaotic,,Bloody Sunday,,House of Mouse,All Dogs Go to Heaven The Series,,Jett Jackson The Movie,The Brave Little Toaster to the Rescue,Digimon Frontier,,Teen Titans,,,Love Actually,Digimon 02,,,,Chasing Amy,Battlestar Galactica,Gattaca,Hellsing,Howl's Moving Castle,Legend of the Galactic Heroes,,,,,,,,,,,adultswim move back
Xiaolin Showdown,Cyborg 009,The Tree of Might,X-men Evolution,Totally Spies,The Oblongs,Pokemon Destiny Deoxys,,Mike Lu and Og,,,,Figure it Out Season 1,,Stuart Little,Medabots,,Blow,,"Honey, I Shrunk the Kids TV Show",DARKWING DUCK,,Johnny Tsunami,RECESS - All Growed Down,Digimon Adventure,,Pokemon Indigo League,,,Miracle on 34th Street,Dragon Booster,,,,Friday,,Johnny Mnemonic,Gintama,Castle in the Sky (1986),Kurau Phantom Memory,,,,,,,,,,,Mobile Suit Gundam 0083 Stardust Memory
Teen Titans,Batman Beyond,The Worlds Strongest,Yu-Gi-Oh!,Rave Master,Trigun,Pokemon 4Ever,,PAc-Man,,,,Figure it Out Season 2,,,Yu-Gi-Oh! GX,,Broken Arrow,,Even Stevens,Hercules,,Kazaam,RECESS - School's Out,Dragon Booster,,Batman,,,Jurassic Park III,Monkey Team,,,,American Pie 2,,Lost In Space,Serial Experiments Lain,Akira,Madlax,,,,,,,,,,,Mobile Suit Gundam 0080 War in the Pocket
Justice League,Megas XLR,Wrath of The Dragon,Yu Yu Hakusho,Duel Masters,Trinity Blood,Pokemon 3 The Movie,,Popeye,,,,Figure it Out Season 3,,,,,Conspiracy,,Brandy and Mr Whiskers,LLoyd in space,,Lilo & Stitch,RECESS - Taking the Fifth Grade,Chaotic,,Taz-Mania,,,Legally Blonde,Oban,,,,Bad Santa,,Lost in Translation,Legend of the Galactic Heroes,Appleseed,Koi Kaze,,,,,,,,,,,
Justice League Unlimited,Rave Master,Pokemon 3 The Movie,Zoids New Century,Zatch Bell,Witch Hunter Robin,Osmosis Jones,,Scooby-Doo Show,,,,Figure it Out Season 4,,,Kirby,,Constantine,,Boy Meets World,Mickey Mouse,,Mulan,RECESS Christmas - Miracle on Third Street,Monkey Team,,Men In Black,,,Groundhog Day,W.I.T.C.H,,,,American Pie,,Mindwarp,,Arrietty,Initial D 1,,,,,,,,,,,Toonami Move back
Ozzy & Drix,IGPX,Pokemon The Movie 2000,Justice League,Winx Club,Yu Yu Hakusho,Ego Trip,,"Scooby-Doo, Where Are You",,,,Doug,,,Digimon Adventure,,Deep Impact,,Gargoyles,The Legend of Tarzan,,Phantom of the Megaplex,Toy Story,W.I.T.C.H,,Superman,,,Jumanji,Monkey Team,,,,Legally Blonde,,Predator,Elfen Lied,From Up on Poppy Hill,Honoo no Mirage,,,,,,,,,,,Pokemon Battle Frontier
Tom and Jerry,Tenchi Muyo!,Pokemon The First Movie,Ronin Warriors,,Inuyasha,Howl's Moving Castle,,Speed Racer,,,,Danny Phantom,,,Digimon Tamers,,Deja Vu,,Sister Sister,theweek3nders,,Ready to Run,Toy Story 2,,,Loonatics Unleashed,,,George of the Jungle 2,,,,,Dumb and Dumber,,Predator 2,DearS,Grave of the Fireflies,Hellsing,,,,,,,,,,,Saga Buu
Sheep in the Big City,,Akira,Superman,,Mobile Suit Gundam SEED,Cats Don't Dance,,Swat Kats,,,,ChalkZone,,,Digimon 02,,Drive Me Crazy,,The Proud Family,The Mighty ducks,,Smart House,Tarzan (1999),,,Pinky and the Brain,,,Go (1999),,,,,,,Prometheus,Boogiepop Phantom,Hikaru no Go,Great Teacher Onizuka,,,,,,,,,,,Saga Cell
Pokemon Indigo League,Justice League Unlimited,Appleseed,,,Blue Gender,Antz,,The Flintstone Kids,,,,CatDog,,,Vforce,,Dumb and Dumber,,Gargoyles,The Little Mermaid,,So The Drama,The Incredibles,,,The Animaniacs,,,George of the Jungle,,,,,,,Ravenous,Beserk,Howl's Moving Castle,Gokusen,,,,,,,,,,,Saga Freiza
The Tom & Jerry Show (1975),Justice League,Arrietty,,,Samurai Champloo,All Dogs Go to Heaven,,The Flintstones,,,,Caitlins Way,,,,,Entrapment,,Recess,Aladdin,,THE Even Stevens MOVIE,Monsters Inc,,,,,,Dirty Dancing,,,,,,,Red Planet,,Kiki's Delivery Service,Girls Bravo,,,,,,,,,,,Saga Garlic
2 Stupid Dogs,Cardcaptors,From Up on Poppy Hill,,,Bleach,Batman and Mr. Freeze SubZero,,The Jetsons,,,,As Told By Ginger,,,,,Equilibrium,,Phil of the Future,101 Dalmations,,The Lizzie McGuire Movie,Finding Nemo,,,,,,Elf,,,,,,,Resident Evil,,Laputa Castle in the Sky,Gintama,,,,,,,,,,,Tenchi in Tokyo
Yu-Gi-Oh!,Bobobo-bo Bo-bobo,Grave of the Fireflies,,,Cowboy Bebop,Scooby-Doo and the Alien Invaders,,The Smurfs,,,,Are You Afraid of the Dark,,,,,Erin Brockovich,,So Raven,Recess,,The Mighty Ducks - D1,Aladdin (1992),,,,,,Brother Bear,,,,,,,Signs,,Lucario and the Mystery of Mew,Genshiken,,,,,,,,,,,Tenchi Universe
X-men Evolution,Pokemon Chronicles,Hikaru no Go,,,FLCL,Scooby-Doo and the Cyber Chase,,Top Cat,,,,All That,,,,,Final Destination,,Zack and Cody,Pepper Ann,,The Mighty Ducks - D2,An Extremely Goofy Movie,,,,,,Clueless,,,,,,,Solaris,,Lupin III The Castle of Cagliostro,Gantz,,,,,,,,,,,
"What's New, Scooby-Doo",Batman,Howl's Moving Castle,,,Outlaw Star,Scooby-Doo and the Monster of Mexico,,What a Cartoon Show,,,,Winx Club,,,,,Ghosts of Mars,,,American Dragon,,The Mighty Ducks - D3,A Bugs Life,,,,,,Big Daddy,,,,,,,Star Trek First Contact,,My Neighbor Totoro,Miami Guns,,,,,,,,,,,
Camp Lazlo,Jackie Chan Adventures,Kiki's Delivery Service,,,The Boondocks,Scooby-Doo and the Reluctant Werewolf,,Dexter's Laboratory,,,,Tiny Toon Adventures,,,,,Minority Report,,,,,The Parent Trap,A Goofy Movie,,,,,,Big Fat Liar,,,,,,,Stargate,,My Neighbors the Yamadas,Gankutsuou,,,,,,,,,,,
Looney Tunes,Superman,Laputa Castle in the Sky,,,Shin Chan,Scooby-Doo on Zombie Island,,Johnny Bravo,,,,6teen,,,,,Never Been Kissed,,,,,The Princess Diaries,,,,,,,Beethovens Second,,,,,,,Starship Troopers,,Nausciaa of the Valley of the Wind,Serial Experiments Lain,,,,,,,,,,,Chicken Run 
Superman,Zatch Bell,Lucario and the Mystery of Mew,,,Paranoia Agent,Scooby-Doo and the Witches Ghost,,Cow and Chicken,,,,"Aaah, Real Monsters",,,,,Office Space,,,,,Treasure Planet,,,,,,,Being John Malkovich,,,,,,,Terminator 2,,Ocean Waves,,,,,,,,,,,,
Men In Black,Robotech,Lupin III The Castle of Cagliostro,,,King of the Hill,Spy Kids,,The Powerpuff Girls,,,,Invader Zim,,,,,One Fine Day,,,,,Zenon Girl Of The 21st Century,,,,,,,Beethoven,,,,,,,The Arrival,,Only Yesterday,Futari wa Precure,,,,,,,,,,,ANIME
,He-man,My Neighbor Totoro,,,Kekkaishi,Stuart Little,,"Ed, Edd n Eddy",,,,Sabrina the Teenage Witch,,,,,Simply Irresistible,,,,,Zenon Z3,,,,,,,A Knight's Tale,,,,,,,The Fifth Element,,Pokemon The First Movie,Elfen Lied,,,,,,,,,,,Steins Gate 0
,Hamtaro,My Neighbors the Yamadas,,,Durarara!!,The Brave Little Toaster,,Courage the Cowardly Dog,,,,Clarissa,,,,,Something About Mary,,,,,Spy Kids,,,,,,,Back to the Future,,,,,,,The Sixth Sense,,Pom Poko,DearS,,,,,,,,,,,Saiyuki Reload Gunlock
,Outlaw Star,Nausciaa of the Valley of the Wind,,,Futurama,The Brave Little Toaster Goes to Mars,,Whatever Happened to... Robot Jones,,,,Gumby Adventures,,,,,Speed,,,,,Stuart Little,,,,,,,Batman (1989),,,,,,,The Terminator Extended,,Ponyo,Boogiepop Phantom,,,,,,,,,,,
,,Ocean Waves,,,Baby Blues,The Brave Little Toaster to the Rescue,,Codename Kids Next Door,,,,Rugrats,,,,,Takedown,,,,,The Brave Little Toaster,,,,,,,Batman Forever,,,,,,,The Thin Red Line,,Porco Rosso,Beserk,,,,,,,,,,,
,,Only Yesterday,,,Blood+,Batman (1989),,The Grim Adventures of Billy & Mandy,,,,Sister Sister,,,,,The Bourne Identity,,,,,The Brave Little Toaster Goes to Mars,,,,,,,,,,,,,,The Thirteenth Floor,,Steins Gate - The Movie,BECK,,,,,,,,,,,Cartoon Network
,,Pokemon The First Movie,,,Frisky Dingo,Batman Forever,,Looney Tunes,,,,The Fairly Oddparents,,,,,The Bourne Supremacy,,,,,The Brave Little Toaster to the Rescue,,,,,,,,,,,,,,Total Recall,,Tales from Earthsea,New Getter Robo,,,,,,,,,,,Special
,,Pom Poko,,,Ghost in the Shell,Castle in the Sky (1986),,The Animaniacs,,,,The Wild Thornberrys,,,,,The Bourne Ultimatum,,,,,RECESS - All Growed Down,,,,,,,,,,,,,,Final Destination,,The Cat Returns,,,,,,,,,,,,
,,Ponyo,,,Space Ghost,Charlotte's Web,,Pinky and the Brain,,,,Zoey 101,,,,,The Vanishing,,,,,RECESS - School's Out,,,,,,,,,,,,,,Ghosts of Mars,,The Place Promised in Our Early Days,,,,,,,,,,,,
,,Porco Rosso,,,Tenchi Muyo!,James and the Giant Peach,,Men In Black,,,,The Angry Beavers,,,,,Traffic,,,,,RECESS - Taking the Fifth Grade,,,,,,,,,,,,,,Minority Report,,The Red Turtle,,,,,,,,,,,,
,,Princess Mononoke,,,,Rockin' With Judy Jetson,,The Addams Family,,,,,,,,,My Cousin Vinny,,,,,RECESS Christmas - Miracle on Third Street,,,,,,,,,,,,,,Blade,,The Wind Rises,,,,,,,,,,,,
,,Spirted Away,,,,Small Soldiers,,,,,,,,,,,Training Day,,,,,Toy Story,,,,,,,,,,,,,,Blade II,,When Marnie Was There,,,,,,,,,,,,
,,Steins Gate - The Movie,,,,Superman - Brainiac Attacks,,,,,,,,,,,Total Recall,,,,,Toy Story 2,,,,,,,,,,,,,,Blade Trinity,,Whisper of the Heart,,,,,,,,,,,,
,,Tales from Earthsea,,,,The Land Before Time I,,,,,,,,,,,X-men 2000,,,,,Tarzan (1999),,,,,,,,,,,,,,Ghosts of Mars,,Yu Gi Oh the Movie,,,,,,,,,,,,
,,The Cat Returns,,,,The Land Before Time II,,,,,,,,,,,Predator,,,,,The Incredibles,,,,,,,,,,,,,,Terminator 3,,Naruto Movie 1,,,,,,,,,,,,
,,The Place Promised in Our Early Days,,,,The Land Before Time III,,,,,,,,,,,Predator 2,,,,,Monsters Inc,,,,,,,,,,,,,,The Matrix Reloaded,,My Neighbor Totoro,,,,,,,,,,,,
,,The Red Turtle,,,,The Land Before Time IV,,,,,,,,,,,Prometheus,,,,,Finding Nemo,,,,,,,,,,,,,,The Matrix Revolutions,,,,,,,,,,,,,,
,,The Wind Rises,,,,The Land Before Time IX,,,,,,,,,,,Ravenous,,,,,Aladdin,,,,,,,,,,,,,,The Matrix,,,,,,,,,,,,,,
,,When Marnie Was There,,,,The Land Before Time V,,,,,,,,,,,Red Planet,,,,,An Extremely Goofy Movie,,,,,,,,,,,,,,,,,,,,,,,,,,,,
,,Whisper of the Heart,,,,The Land Before Time VI,,,,,,,,,,,Resident Evil,,,,,A Bugs Life,,,,,,,,,,,,,,,,,,,,,,,,,,,,
,,Yu Gi Oh the Movie,,,,The Land Before Time VII,,,,,,,,,,,The Matrix Reloaded,,,,,A Goofy Movie,,,,,,,,,,,,,,,,,,,,,,,,,,,,
,,Naruto Movie 1,,,,The Land Before Time VIII,,,,,,,,,,,The Matrix Revolutions,,,,,Spy Kids 2,,,,,,,,,,,,,,,,,,,,,,,,,,,,
,,Batman (1989),,,,The Land Before Time X,,,,,,,,,,,The Matrix,,,,,Mousehunt,,,,,,,,,,,,,,,,,,,,,,,,,,,,
,,,,,,The Land Before Time XI,,,,,,,,,,,Oceans Eleven,,,,,Beethovens Second,,,,,,,,,,,,,,,,,,,,,,,,,,,,
,,,,,,The Land Before Time XII,,,,,,,,,,,Fight Club,,,,,Being John Malkovich,,,,,,,,,,,,,,,,,,,,,,,,,,,,
,,,,,,The Land Before Time XIII,,,,,,,,,,,,,,,,Who Framed Roger Rabbit,,,,,,,,,,,,,,,,,,,,,,,,,,,,
,,,,,,TINY Toon ADVENTURES - How I Spent My Vacation,,,,,,,,,,,,,,,,,,,,,,,,,,,,,,,,,,,,,,,,,,,,
,,,,,,Tom and Jerry - The Fast and the Furry,,,,,,,,,,,,,,,,,,,,,,,,,,,,,,,,,,,,,,,,,,,,
,,,,,,Wakko's Wish,,,,,,,,,,,,,,,,,,,,,,,,,,,,,,,,,,,,,,,,,,,,
,,,,,,Who Framed Roger Rabbit,,,,,,,,,,,,,,,,,,,,,,,,,,,,,,,,,,,,,,,,,,,,
,,,,,,An American Tail The Mystery of the Night Monster,,,,,,,,,,,,,,,,,,,,,,,,,,,,,,,,,,,,,,,,,,,,
,,,,,,An American Tail,,,,,,,,,,,,,,,,,,,,,,,,,,,,,,,,,,,,,,,,,,,,
,,,,,,An American Tail Fievel Goes West,,,,,,,,,,,,,,,,,,,,,,,,,,,,,,,,,,,,,,,,,,,,
,,,,,,An American Tail The Treasure of Manhattan Island,,,,,,,,,,,,,,,,,,,,,,,,,,,,,,,,,,,,,,,,,,,,
,,,,,,Balto II Wolf Quest,,,,,,,,,,,,,,,,,,,,,,,,,,,,,,,,,,,,,,,,,,,,
,,,,,,Balto,,,,,,,,,,,,,,,,,,,,,,,,,,,,,,,,,,,,,,,,,,,,
,,,,,,Kiki's Delivery Service,,,,,,,,,,,,,,,,,,,,,,,,,,,,,,,,,,,,,,,,,,,,
,,,,,,The Place Promised in Our Early Days,,,,,,,,,,,,,,,,,,,,,,,,,,,,,,,,,,,,,,,,,,,,
,,,,,,Yu Gi Oh the Movie,,,,,,,,,,,,,,,,,,,,,,,,,,,,,,,,,,,,,,,,,,,,
,,,,,,"Ed, Edd n Eddy's Big Picture Show",,,,,,,,,,,,,,,,,,,,,,,,,,,,,,,,,,,,,,,,,,,,
,,,,,,Tom and Jerry Shiver Me Whiskers,,,,,,,,,,,,,,,,,,,,,,,,,,,,,,,,,,,,,,,,,,,,
,,,,,,A Bugs Life,,,,,,,,,,,,,,,,,,,,,,,,,,,,,,,,,,,,,,,,,,,,
,,,,,,Spy Kids 2,,,,,,,,,,,,,,,,,,,,,,,,,,,,,,,,,,,,,,,,,,,,
,,,,,,Brother Bear,,,,,,,,,,,,,,,,,,,,,,,,,,,,,,,,,,,,,,,,,,,,
